"row_num","treat","rep","inv_sp","res_sp","res_div","inv_t0","res_t0","inv_count","res_count","inv_m","res_m","rel_fit","res_sp2"
1,"1","a","o","a",1,26666.66667,2666666.667,150666666.666667,2.04e+08,8.63941082401549,4.33729074070749,1.99189109988191,"Aa"
2,"1","b","o","a",1,26666.66667,2666666.667,1.44e+08,1.8e+08,8.59415423242737,4.21212759775348,2.04033568142879,"Aa"
3,"1","c","o","a",1,26666.66667,2666666.667,154666666.666667,2.48e+08,8.66561319640951,4.53259949302826,1.91184180506978,"Aa"
4,"1","d","o","a",1,26666.66667,2666666.667,1.68e+08,2.64e+08,8.74830491225462,4.59511985000959,1.90382518798424,"Aa"
5,"1","e","o","a",1,26666.66667,2666666.667,121333333.333333,1.84e+08,8.42288251182,4.23410650447226,1.9892939638914,"Aa"
6,"1","f","o","a",1,26666.66667,2666666.667,1.84e+08,270666666.666667,8.83927669046035,4.62005879835684,1.91323900327937,"Aa"
7,"2","a","o","p",1,26666.66667,2666666.667,73333333.3333333,241333333.333333,7.91935619053562,4.50534985058088,1.7577671997025,"Pc"
8,"2","b","o","p",1,26666.66667,2666666.667,6.8e+07,242666666.666667,7.84384863802747,4.51085950639185,1.73888116597575,"Pc"
9,"2","c","o","p",1,26666.66667,2666666.667,54666666.6666667,165333333.333333,7.62559507200745,4.12713438492009,1.84767307308194,"Pc"
10,"2","d","o","p",1,26666.66667,2666666.667,73333333.3333333,1.92e+08,7.91935619053562,4.27666611889105,1.85175928407269,"Pc"
11,"2","e","o","p",1,26666.66667,2666666.667,73333333.3333333,154666666.666667,7.91935619053562,4.06044301042142,1.95036752645217,"Pc"
12,"2","f","o","p",1,26666.66667,2666666.667,65333333.3333333,142666666.666667,7.80384330341377,3.97968165377696,1.96092149632307,"Pc"
13,"3","a","o","v",1,26666.66667,2666666.667,233333333.333333,1.44e+08,9.07680897922666,3.98898404643927,2.2754688596283,"Vg"
14,"3","b","o","v",1,26666.66667,2666666.667,217333333.333333,7.2e+07,9.00577320610991,3.29583686587933,2.73246934620569,"Vg"
15,"3","c","o","v",1,26666.66667,2666666.667,242666666.666667,77333333.3333333,9.11602969237994,3.36729582986147,2.70722566503905,"Vg"
16,"3","d","o","v",1,26666.66667,2666666.667,226666666.666667,54666666.6666667,9.04782144235341,3.02042488601936,2.99554591946088,"Vg"
17,"3","e","o","v",1,26666.66667,2666666.667,1.4e+08,18666666.6666667,8.56598335546067,1.94591014893031,4.40204464742089,"Vg"
18,"3","f","o","v",1,26666.66667,2666666.667,85333333.3333333,25333333.3333333,8.07090608866282,2.2512917984815,3.58501110078519,"Vg"
19,"4","a","o","s",1,26666.66667,2666666.667,181333333.333333,537333333.333333,8.8246778910392,5.30578938126174,1.66321677264555,"Sr"
20,"4","b","o","s",1,26666.66667,2666666.667,137333333.333333,442666666.666667,8.54675199353278,5.11198778823154,1.67190383615714,"Sr"
21,"4","c","o","s",1,26666.66667,2666666.667,1.96e+08,6.6e+08,8.90245559208188,5.51141058188375,1.61527715270291,"Sr"
22,"4","d","o","s",1,26666.66667,2666666.667,169333333.333333,450666666.666667,8.75621009176174,5.12989871479807,1.70689726612008,"Sr"
23,"4","e","o","s",1,26666.66667,2666666.667,1.92e+08,6.56e+08,8.88183630487915,5.50533153580736,1.61331542834625,"Sr"
24,"4","f","o","s",1,26666.66667,2666666.667,309333333.333333,1.84e+08,9.35876037696946,4.23410650447226,2.21032710610475,"Sr"
25,"5","a","a","p",1,26666.66667,2666666.667,4e+07,78666666.6666667,7.3132203869653,3.38439026322077,2.16086793134951,"Pc"
26,"5","b","a","p",1,26666.66667,2666666.667,45333333.3333333,7.6e+07,7.43838352991931,3.3499040871496,2.22047656780781,"Pc"
27,"5","c","a","p",1,26666.66667,2666666.667,45333333.3333333,9.2e+07,7.43838352991931,3.54095932391231,2.10066901353186,"Pc"
28,"5","d","a","p",1,26666.66667,2666666.667,4.8e+07,110666666.666667,7.49554194375926,3.72569342711165,2.01185150909483,"Pc"
29,"5","e","a","p",1,26666.66667,2666666.667,4.8e+07,133333333.333333,7.49554194375926,3.91202300530315,1.91602706159915,"Pc"
30,"5","f","a","p",1,26666.66667,2666666.667,7.6e+07,49333333.3333333,7.9550742731377,2.91777073195928,2.72642198580005,"Pc"
31,"6","a","a","v",1,26666.66667,2666666.667,153333333.333333,37333333.3333333,8.6569551336664,2.63905732949026,3.2803209831514,"Vg"
32,"6","b","a","v",1,26666.66667,2666666.667,1.4e+08,41333333.3333333,8.56598335546067,2.7408400238002,3.12531314526845,"Vg"
33,"6","c","a","v",1,26666.66667,2666666.667,2.24e+08,25333333.3333333,9.0359869847064,2.2512917984815,4.01368982501567,"Vg"
34,"6","d","a","v",1,26666.66667,2666666.667,125333333.333333,30666666.6666667,8.45531778757315,2.4423470352442,3.46196411302693,"Vg"
35,"6","e","a","v",1,26666.66667,2666666.667,214666666.666667,29333333.3333333,8.99342737028761,2.39789527267337,3.75055052352683,"Vg"
36,"6","f","a","v",1,26666.66667,2666666.667,1.44e+08,1.6e+07,8.59415423242737,1.79175946910306,4.79648880367271,"Vg"
37,"7","a","a","s",1,26666.66667,2666666.667,1.2e+08,5.48e+08,8.41183267563341,5.32544603381129,1.57955458044765,"Sr"
38,"7","b","a","s",1,26666.66667,2666666.667,1.28e+08,698666666.666667,8.47637119677098,5.5683445036361,1.52224259674235,"Sr"
39,"7","c","a","s",1,26666.66667,2666666.667,122666666.666667,698666666.666667,8.43381158235219,5.5683445036361,1.5145994607275,"Sr"
40,"7","d","a","s",1,26666.66667,2666666.667,130666666.666667,597333333.333333,8.49699048397372,5.41164605173004,1.57013049315325,"Sr"
41,"7","e","a","s",1,26666.66667,2666666.667,261333333.333333,7.92e+08,9.19013766453366,5.6937321386777,1.61407973552264,"Sr"
42,"7","f","a","s",1,26666.66667,2666666.667,298666666.666667,941333333.333333,9.32366905715819,5.8664680568083,1.58931557572152,"Sr"
43,"8","a","p","v",1,26666.66667,2666666.667,7.6e+07,165333333.333333,7.9550742731377,4.12713438492009,1.92750551137959,"Vg"
44,"8","b","p","v",1,26666.66667,2666666.667,78666666.6666667,1.6e+08,7.98956044920887,4.0943445620971,1.95136494450693,"Vg"
45,"8","c","p","v",1,26666.66667,2666666.667,38666666.6666667,1.28e+08,7.27931883528962,3.87120101078289,1.88037738547126,"Vg"
46,"8","d","p","v",1,26666.66667,2666666.667,46666666.6666667,1.4e+08,7.46737106679256,3.96081316947258,1.88531262326289,"Vg"
47,"8","e","p","v",1,26666.66667,2666666.667,9.2e+07,1.6e+08,8.1461295099004,4.0943445620971,1.98960526803538,"Vg"
48,"8","f","p","v",1,26666.66667,2666666.667,7.2e+07,129333333.333333,7.90100705186742,3.88156379781844,2.03552162566748,"Vg"
49,"9","a","p","s",1,26666.66667,2666666.667,126666666.666667,462666666.666667,8.46589989690369,5.15617759926191,1.64189454958176,"Sr"
50,"9","b","p","s",1,26666.66667,2666666.667,1.4e+08,4.24e+08,8.56598335546067,5.06890420209523,1.68990831429008,"Sr"
51,"9","c","p","s",1,26666.66667,2666666.667,149333333.333333,418666666.666667,8.63052187659824,5.05624580522331,1.70690314693217,"Sr"
52,"9","d","p","s",1,26666.66667,2666666.667,98666666.6666667,433333333.333333,8.21608809850732,5.09067800164479,1.61394770909743,"Sr"
53,"9","e","p","s",1,26666.66667,2666666.667,4.8e+07,417333333.333333,7.49554194375926,5.05305600985521,1.48336807055777,"Sr"
54,"9","f","p","s",1,26666.66667,2666666.667,1.12e+08,5.4e+08,8.34283980414646,5.31073988642159,1.57093738020898,"Sr"
55,"10","a","v","s",1,26666.66667,2666666.667,41333333.3333333,3.6e+08,7.34601020978829,4.90527477831343,1.4975736409845,"Sr"
56,"10","b","v","s",1,26666.66667,2666666.667,30666666.6666667,397333333.333333,7.0475172212323,5.00394630582046,1.40839185525129,"Sr"
57,"10","c","v","s",1,26666.66667,2666666.667,26666666.6666667,489333333.333333,6.90775527885714,5.21221466736962,1.32530137757031,"Sr"
58,"10","d","v","s",1,26666.66667,2666666.667,25333333.3333333,381333333.333333,6.85646198446959,4.96284463013491,1.38155886300297,"Sr"
59,"10","e","v","s",1,26666.66667,2666666.667,3.2e+07,5.56e+08,7.09007683565109,5.33993904111386,1.32774490140475,"Sr"
60,"10","f","v","s",1,26666.66667,2666666.667,33333333.3333333,533333333.333333,7.13089883017135,5.29831736642304,1.3458798967691,"Sr"
61,"11","a","a","o",1,26666.66667,2666666.667,73333333.3333333,134666666.666667,7.91935619053562,3.92197333615631,2.01922744286092,"Od"
62,"11","b","a","o",1,26666.66667,2666666.667,57333333.3333333,1.36e+08,7.67322312099671,3.93182563259933,1.95156750019048,"Od"
63,"11","c","a","o",1,26666.66667,2666666.667,1.4e+08,161333333.333333,8.56598335546067,4.1026433649118,2.08791810390393,"Od"
64,"11","d","a","o",1,26666.66667,2666666.667,98666666.6666667,1.88e+08,8.21608809850732,4.25561270969322,1.93064751399795,"Od"
65,"11","e","a","o",1,26666.66667,2666666.667,102666666.666667,1.08e+08,8.25582842715683,3.70130197398749,2.23052009405832,"Od"
66,"11","f","a","o",1,26666.66667,2666666.667,74666666.6666667,1.04e+08,7.9373746960383,3.66356164600465,2.16657325930206,"Od"
67,"12","a","p","o",1,26666.66667,2666666.667,5.6e+07,1.92e+08,7.64969262358651,4.27666611889105,1.78870466174481,"Od"
68,"12","b","p","o",1,26666.66667,2666666.667,97333333.3333333,142666666.666667,8.20248244645154,3.97968165377696,2.06109009716063,"Od"
69,"12","c","p","o",1,26666.66667,2666666.667,1.6e+07,174666666.666667,6.39692965509115,4.18205014251621,1.52961572365135,"Od"
70,"12","d","p","o",1,26666.66667,2666666.667,3.6e+07,2.16e+08,7.20785987130748,4.39444915454744,1.64021919877004,"Od"
71,"12","e","p","o",1,26666.66667,2666666.667,29333333.3333333,1.8e+08,7.00306545866146,4.21212759775348,1.66259575384101,"Od"
72,"12","f","p","o",1,26666.66667,2666666.667,61333333.3333333,241333333.333333,7.74066440179224,4.50534985058088,1.71810506586835,"Od"
73,"13","a","v","o",1,26666.66667,2666666.667,129333333.333333,189333333.333333,8.48673398380653,4.26267987691632,1.99093861816008,"Od"
74,"13","b","v","o",1,26666.66667,2666666.667,1.8e+08,118666666.666667,8.81729778374157,3.79548918904719,2.323099169716,"Od"
75,"13","c","v","o",1,26666.66667,2666666.667,1.92e+08,1.48e+08,8.88183630487915,4.01638302062739,2.21140171623665,"Od"
76,"13","d","v","o",1,26666.66667,2666666.667,1.72e+08,77333333.3333333,8.77183540966482,3.36729582986147,2.60500884177607,"Od"
77,"13","e","v","o",1,26666.66667,2666666.667,170666666.666667,86666666.6666667,8.76405326922276,3.48124008921069,2.51750900387047,"Od"
78,"13","f","v","o",1,26666.66667,2666666.667,1.92e+08,133333333.333333,8.88183630487915,3.91202300530315,2.27039470188159,"Od"
79,"14","a","s","o",1,26666.66667,2666666.667,5.12e+08,153333333.333333,9.86266555789087,4.05178494767831,2.43415326461051,"Od"
80,"14","b","s","o",1,26666.66667,2666666.667,546666666.666667,253333333.333333,9.9281801650015,4.55387689147554,2.18015998271411,"Od"
81,"14","c","s","o",1,26666.66667,2666666.667,4.96e+08,2.64e+08,9.83091685957629,4.59511985000959,2.13942556026167,"Od"
82,"14","d","s","o",1,26666.66667,2666666.667,645333333.333333,142666666.666667,10.0941079120198,3.97968165377696,2.53641089669568,"Od"
83,"14","e","s","o",1,26666.66667,2666666.667,4e+08,221333333.333333,9.61580547995935,4.4188406076716,2.1760924038005,"Od"
84,"14","f","s","o",1,26666.66667,2666666.667,453333333.333333,341333333.333333,9.74096862291335,4.85203026379462,2.00760673229916,"Od"
85,"15","a","p","a",1,26666.66667,2666666.667,8.4e+07,142666666.666667,8.05515773169468,3.97968165377696,2.02407087613398,"Aa"
86,"15","b","p","a",1,26666.66667,2666666.667,6.4e+07,106666666.666667,7.78322401621104,3.68887945398894,2.10991552130952,"Aa"
87,"15","c","p","a",1,26666.66667,2666666.667,7.6e+07,1.08e+08,7.9550742731377,3.70130197398749,2.14926378043333,"Aa"
88,"15","d","p","a",1,26666.66667,2666666.667,70666666.6666667,1.04e+08,7.88231491885527,3.66356164600465,2.15154422949357,"Aa"
89,"15","e","p","a",1,26666.66667,2666666.667,106666666.666667,133333333.333333,8.29404963997703,3.91202300530315,2.12014337051024,"Aa"
90,"15","f","p","a",1,26666.66667,2666666.667,110666666.666667,129333333.333333,8.33086361309974,3.88156379781844,2.14626476519128,"Aa"
91,"16","a","v","a",1,26666.66667,2666666.667,1.36e+08,381333333.333333,8.53699581858742,4.96284463013491,1.72018196313257,"Aa"
92,"16","b","v","a",1,26666.66667,2666666.667,86666666.6666667,178666666.666667,8.08641027519878,4.20469261926597,1.92318702160218,"Aa"
93,"16","c","v","a",1,26666.66667,2666666.667,8.4e+07,358666666.666667,8.05515773169468,4.90156419891689,1.6433851327449,"Aa"
94,"16","d","v","a",1,26666.66667,2666666.667,4e+07,237333333.333333,7.3132203869653,4.48863636960714,1.62927441315666,"Aa"
95,"16","e","v","a",1,26666.66667,2666666.667,41333333.3333333,338666666.666667,7.34601020978829,4.84418708633359,1.51645881524948,"Aa"
96,"16","f","v","a",1,26666.66667,2666666.667,6.8e+07,354666666.666667,7.84384863802747,4.89034912809675,1.6039445104158,"Aa"
97,"17","a","s","a",1,26666.66667,2666666.667,4.24e+08,77333333.3333333,9.67407438808332,3.36729582986147,2.87295054455649,"Aa"
98,"17","b","s","a",1,26666.66667,2666666.667,481333333.333333,1.28e+08,9.80090096363603,3.87120101078289,2.531746849708,"Aa"
99,"17","c","s","a",1,26666.66667,2666666.667,669333333.333333,1.28e+08,10.1306231249949,3.87120101078289,2.61691994209986,"Aa"
100,"17","d","s","a",1,26666.66667,2666666.667,602666666.666667,106666666.666667,10.0257051851354,3.68887945398894,2.71781859781137,"Aa"
101,"17","e","s","a",1,26666.66667,2666666.667,437333333.333333,122666666.666667,9.70503661368729,3.8286413963641,2.53485129814032,"Aa"
102,"17","f","s","a",1,26666.66667,2666666.667,493333333.333333,157333333.333333,9.82552601094142,4.07753744378072,2.40967155946731,"Aa"
103,"18","a","v","p",1,26666.66667,2666666.667,98666666.6666667,106666666.666667,8.21608809850732,3.68887945398894,2.22725849434384,"Pc"
104,"18","b","v","p",1,26666.66667,2666666.667,93333333.3333333,122666666.666667,8.1605182473525,3.8286413963641,2.13143969427438,"Pc"
105,"18","c","v","p",1,26666.66667,2666666.667,109333333.333333,1.2e+08,8.3187422525674,3.80666248964532,2.18531122083862,"Pc"
106,"18","d","v","p",1,26666.66667,2666666.667,114666666.666667,1.08e+08,8.36637030155665,3.70130197398749,2.26038576705034,"Pc"
107,"18","e","v","p",1,26666.66667,2666666.667,8.4e+07,110666666.666667,8.05515773169468,3.72569342711165,2.16205597408465,"Pc"
108,"18","f","v","p",1,26666.66667,2666666.667,9.6e+07,86666666.6666667,8.1886891243192,3.48124008921069,2.35223337502581,"Pc"
109,"19","a","s","p",1,26666.66667,2666666.667,682666666.666667,1.84e+08,10.1503476303427,4.23410650447226,2.3972820758338,"Pc"
110,"19","b","s","p",1,26666.66667,2666666.667,662666666.666667,8.4e+07,10.1206130313998,3.44998754570659,2.9335216134315,"Pc"
111,"19","c","s","p",1,26666.66667,2666666.667,562666666.666667,6.4e+07,9.95702831933916,3.17805383022295,3.13305842231145,"Pc"
112,"19","d","s","p",1,26666.66667,2666666.667,4.88e+08,1.64e+08,9.81465633870451,4.11903717468747,2.38275497949328,"Pc"
113,"19","e","s","p",1,26666.66667,2666666.667,557333333.333333,9.6e+07,9.9475044378279,3.58351893833111,2.77590396730555,"Pc"
114,"19","f","s","p",1,26666.66667,2666666.667,5.46e+08,9.2e+07,9.92695990859627,3.54095932391231,2.80346623627075,"Pc"
115,"20","a","s","v",1,26666.66667,2666666.667,505333333.333333,2.4e+07,9.84955921038557,2.19722457721122,4.48272757939333,"Vg"
116,"20","b","s","v",1,26666.66667,2666666.667,182666666.666667,14666666.6666667,8.83200393113127,1.70474809211343,5.18082640596006,"Vg"
117,"20","c","s","v",1,26666.66667,2666666.667,2.8e+08,3.6e+07,9.25913053602062,2.60268968531938,3.55752381401719,"Vg"
118,"20","d","s","v",1,26666.66667,2666666.667,390666666.666667,14666666.6666667,9.59219561432021,1.70474809211343,5.62675251475336,"Vg"
119,"20","e","s","v",1,26666.66667,2666666.667,3.52e+08,45333333.3333333,9.48797210844946,2.83321334393122,3.34883785888304,"Vg"
120,"20","f","s","v",1,26666.66667,2666666.667,266666666.666667,29333333.3333333,9.21034037185118,2.39789527267337,3.84101027130461,"Vg"
121,"21","a","o","ap",2,26666.66667,2666666.667,53333333.3333333,122666666.666667,7.60090245941708,3.8286413963641,1.98527406265715,"Aa Pc"
122,"21","b","o","ap",2,26666.66667,2666666.667,33333333.3333333,126666666.666667,7.13089883017135,3.8607297109156,1.84703394542484,"Aa Pc"
123,"21","c","o","ap",2,26666.66667,2666666.667,8.4e+07,1.72e+08,8.05515773169468,4.16666522367673,1.93323852512122,"Aa Pc"
124,"21","d","o","ap",2,26666.66667,2666666.667,33333333.3333333,114666666.666667,7.13089883017135,3.76120011556856,1.89591051022644,"Aa Pc"
125,"21","e","o","ap",2,26666.66667,2666666.667,57333333.3333333,1.44e+08,7.67322312099671,3.98898404643927,1.92360336157427,"Aa Pc"
126,"21","f","o","ap",2,26666.66667,2666666.667,46666666.6666667,118666666.666667,7.46737106679256,3.79548918904719,1.96743310146726,"Aa Pc"
127,"22","a","o","av",2,26666.66667,2666666.667,77333333.3333333,105333333.333333,7.97246601584957,3.67630067178208,2.16861098360188,"Aa Vg"
128,"22","b","o","av",2,26666.66667,2666666.667,97333333.3333333,81333333.3333333,8.20248244645154,3.41772668348837,2.39998197810233,"Aa Vg"
129,"22","c","o","av",2,26666.66667,2666666.667,7.2e+07,33333333.3333333,7.90100705186742,2.52572864418326,3.12820899032975,"Aa Vg"
130,"22","d","o","av",2,26666.66667,2666666.667,5.2e+07,17333333.3333333,7.57558465143279,1.87180217677659,4.04721436133738,"Aa Vg"
131,"22","e","o","av",2,26666.66667,2666666.667,106666666.666667,6e+07,8.29404963997703,3.11351530908537,2.66388593490279,"Aa Vg"
132,"22","f","o","av",2,26666.66667,2666666.667,7.2e+07,42666666.6666667,7.90100705186742,2.77258872211478,2.84968592306794,"Aa Vg"
133,"23","a","o","as",2,26666.66667,2666666.667,98666666.6666667,5.16e+08,8.21608809850732,5.26527751234484,1.5604283115646,"Aa Sr"
134,"23","b","o","as",2,26666.66667,2666666.667,114666666.666667,749333333.333333,8.36637030155665,5.63835466920875,1.4838318609586,"Aa Sr"
135,"23","c","o","as",2,26666.66667,2666666.667,122666666.666667,4.64e+08,8.43381158235219,5.15905529908953,1.63475890321249,"Aa Sr"
136,"23","d","o","as",2,26666.66667,2666666.667,50666666.6666667,429333333.333333,7.54960916502953,5.08140436485946,1.48573280592251,"Aa Sr"
137,"23","e","o","as",2,26666.66667,2666666.667,122666666.666667,378666666.666667,8.43381158235219,4.95582705747626,1.70179699261884,"Aa Sr"
138,"23","f","o","as",2,26666.66667,2666666.667,8.8e+07,589333333.333333,8.10167774732957,5.39816270139275,1.50082133412528,"Aa Sr"
139,"24","a","o","pv",2,26666.66667,2666666.667,4.4e+07,202666666.666667,7.40853056676963,4.33073334016133,1.71068730971407,"Pc Vg"
140,"24","b","o","pv",2,26666.66667,2666666.667,5.6e+07,1.44e+08,7.64969262358651,3.98898404643927,1.91770449180285,"Pc Vg"
141,"24","c","o","pv",2,26666.66667,2666666.667,34666666.6666667,190666666.666667,7.17011954332463,4.26969744957496,1.67930389166998,"Pc Vg"
142,"24","d","o","pv",2,26666.66667,2666666.667,45333333.3333333,134666666.666667,7.43838352991931,3.92197333615631,1.89659207046247,"Pc Vg"
143,"24","e","o","pv",2,26666.66667,2666666.667,62666666.6666667,169333333.333333,7.76217060701321,4.15103990577365,1.86993398840056,"Pc Vg"
144,"24","f","o","pv",2,26666.66667,2666666.667,42666666.6666667,133333333.333333,7.37775890810287,3.91202300530315,1.8859191007061,"Pc Vg"
145,"25","a","o","ps",2,26666.66667,2666666.667,22666666.6666667,542666666.666667,6.74523634935936,5.31566600475765,1.26893532124144,"Pc Sr"
146,"25","b","o","ps",2,26666.66667,2666666.667,2e+07,526666666.666667,6.62007320640536,5.28573858421618,1.25244052480644,"Pc Sr"
147,"25","c","o","ps",2,26666.66667,2666666.667,50666666.6666667,478666666.666667,7.54960916502953,5.19017520780333,1.45459620586196,"Pc Sr"
148,"25","d","o","ps",2,26666.66667,2666666.667,4.8e+07,502666666.666667,7.49554194375926,5.23909800676307,1.43069320980126,"Pc Sr"
149,"25","e","o","ps",2,26666.66667,2666666.667,2.8e+07,441333333.333333,6.95654544302657,5.10897119469212,1.36163332654018,"Pc Sr"
150,"25","f","o","ps",2,26666.66667,2666666.667,50666666.6666667,578666666.666667,7.54960916502953,5.37989735341546,1.40329985296776,"Pc Sr"
151,"26","a","o","vs",2,26666.66667,2666666.667,8.8e+07,230666666.666667,8.10167774732957,4.46014441381283,1.81646085768862,"Vg Sr"
152,"26","b","o","vs",2,26666.66667,2666666.667,90666666.6666667,246666666.666667,8.13153071047925,4.52720864439338,1.7961466654623,"Vg Sr"
153,"26","c","o","vs",2,26666.66667,2666666.667,110666666.666667,353333333.333333,8.33086361309974,4.88658264530128,1.704844513601,"Vg Sr"
154,"26","d","o","vs",2,26666.66667,2666666.667,166666666.666667,2.24e+08,8.74033674260545,4.43081679871831,1.972624267637,"Vg Sr"
155,"26","e","o","vs",2,26666.66667,2666666.667,130666666.666667,257333333.333333,8.49699048397372,4.56954300821994,1.85948364391994,"Vg Sr"
156,"26","f","o","vs",2,26666.66667,2666666.667,1.52e+08,2.52e+08,8.64822145369764,4.5485998343747,1.90129309427074,"Vg Sr"
157,"27","a","a","pv",2,26666.66667,2666666.667,2666666.66666667,1.48e+08,4.60517018586309,4.01638302062739,1.14659636847676,"Pc Vg"
158,"27","b","a","pv",2,26666.66667,2666666.667,4e+06,1.08e+08,5.01063529397126,3.70130197398749,1.35374939121036,"Pc Vg"
159,"27","c","a","pv",2,26666.66667,2666666.667,1e+07,122666666.666667,5.92692602584541,3.8286413963641,1.54804940245226,"Pc Vg"
160,"27","d","a","pv",2,26666.66667,2666666.667,8e+06,1.58e+08,5.7037824745312,4.08176577989024,1.39738112917507,"Pc Vg"
161,"27","e","a","pv",2,26666.66667,2666666.667,15333333.3333333,157333333.333333,6.35437004067235,4.07753744378072,1.55838422780504,"Pc Vg"
162,"27","f","a","pv",2,26666.66667,2666666.667,7333333.33333333,131333333.333333,5.61677109754157,3.8969093674931,1.44133993579503,"Pc Vg"
163,"28","a","a","ps",2,26666.66667,2666666.667,34666666.6666667,517333333.333333,7.17011954332463,5.26785815893833,1.36110717619809,"Pc Sr"
164,"28","b","a","ps",2,26666.66667,2666666.667,25333333.3333333,493333333.333333,6.85646198446959,5.22035582495332,1.3134089350185,"Pc Sr"
165,"28","c","a","ps",2,26666.66667,2666666.667,4e+07,5.08e+08,7.3132203869653,5.24965219444176,1.3930866495705,"Pc Sr"
166,"28","d","a","ps",2,26666.66667,2666666.667,37333333.3333333,402666666.666667,7.24422751547835,5.01727983668992,1.44385558535193,"Pc Sr"
167,"28","e","a","ps",2,26666.66667,2666666.667,53333333.3333333,570666666.666667,7.60090245941708,5.36597601489685,1.41649952186065,"Pc Sr"
168,"28","f","a","ps",2,26666.66667,2666666.667,41333333.3333333,545333333.333333,7.34601020978829,5.32056797535786,1.38068158208132,"Pc Sr"
169,"29","a","a","vs",2,26666.66667,2666666.667,26666666.6666667,366666666.666667,6.90775527885714,4.92362391698163,1.40298190831193,"Vg Sr"
170,"29","b","a","vs",2,26666.66667,2666666.667,2e+07,2.84e+08,6.62007320640536,4.66814498502448,1.41813787438966,"Vg Sr"
171,"29","c","a","vs",2,26666.66667,2666666.667,1e+08,378666666.666667,8.22951111883946,4.95582705747626,1.66057270025688,"Vg Sr"
172,"29","d","a","vs",2,26666.66667,2666666.667,66666666.6666667,381333333.333333,7.82404601073129,4.96284463013491,1.57652447211885,"Vg Sr"
173,"29","e","a","vs",2,26666.66667,2666666.667,50666666.6666667,3.28e+08,7.54960916502953,4.81218435524742,1.56885285510666,"Vg Sr"
174,"29","f","a","vs",2,26666.66667,2666666.667,74666666.6666667,449333333.333333,7.9373746960383,5.12693574966742,1.54817128273027,"Vg Sr"
175,"30","a","p","vs",2,26666.66667,2666666.667,28666666.6666667,677333333.333333,6.98007594043676,5.53733426689354,1.26054805507572,"Vg Sr"
176,"30","b","p","vs",2,26666.66667,2666666.667,4.4e+07,530666666.666667,7.40853056676963,5.29330482459949,1.39960399263992,"Vg Sr"
177,"30","c","p","vs",2,26666.66667,2666666.667,41333333.3333333,486666666.666667,7.34601020978829,5.20675017289755,1.41086281573987,"Vg Sr"
178,"30","d","p","vs",2,26666.66667,2666666.667,2e+07,4.84e+08,6.62007320640536,5.20125565357991,1.27278365981663,"Vg Sr"
179,"30","e","p","vs",2,26666.66667,2666666.667,21333333.3333333,381333333.333333,6.68461172754293,4.96284463013491,1.34693149307018,"Vg Sr"
180,"30","f","p","vs",2,26666.66667,2666666.667,45333333.3333333,473333333.333333,7.43838352991931,5.17897060879047,1.43626679736198,"Vg Sr"
181,"31","a","a","op",2,26666.66667,2666666.667,2.8e+07,162666666.666667,6.95654544302657,4.11087386404831,1.6922303318195,"Od Pc"
182,"31","b","a","op",2,26666.66667,2666666.667,8.4e+07,148666666.666667,8.05515773169468,4.02087741021523,2.00333332999165,"Od Pc"
183,"31","c","a","op",2,26666.66667,2666666.667,1.48e+08,1.76e+08,8.62155320661548,4.18965474190143,2.05781949533691,"Od Pc"
184,"31","d","a","op",2,26666.66667,2666666.667,3.6e+07,1.6e+08,7.20785987130748,4.0943445620971,1.76044291387524,"Od Pc"
185,"31","e","a","op",2,26666.66667,2666666.667,38666666.6666667,157333333.333333,7.27931883528962,4.07753744378072,1.78522427706763,"Od Pc"
186,"31","f","a","op",2,26666.66667,2666666.667,4.8e+07,1.32e+08,7.49554194375926,3.90197266944964,1.92096218470348,"Od Pc"
187,"32","a","a","ov",2,26666.66667,2666666.667,10666666.6666667,314666666.666667,5.99146454698298,4.77068462434066,1.25589197751906,"Od Vg"
188,"32","b","a","ov",2,26666.66667,2666666.667,10666666.6666667,166666666.666667,5.99146454698298,4.13516655661736,1.4489052532588,"Od Vg"
189,"32","c","a","ov",2,26666.66667,2666666.667,2666666.66666667,222666666.666667,4.60517018586309,4.42484663173181,1.04075249814042,"Od Vg"
190,"32","d","a","ov",2,26666.66667,2666666.667,2666666.66666667,237333333.333333,4.60517018586309,4.48863636960714,1.02596196409337,"Od Vg"
191,"32","e","a","ov",2,26666.66667,2666666.667,5333333.33333333,126666666.666667,5.29831736642304,3.8607297109156,1.37236164226749,"Od Vg"
192,"32","f","a","ov",2,26666.66667,2666666.667,5333333.33333333,1.76e+08,5.29831736642304,4.18965474190143,1.26461908983423,"Od Vg"
193,"33","a","a","os",2,26666.66667,2666666.667,1.04e+08,5.28e+08,8.26873183199274,5.28826703056954,1.56359952782154,"Od Sr"
194,"33","b","a","os",2,26666.66667,2666666.667,2.16e+08,530666666.666667,8.99961934053553,5.29330482459949,1.70018913301795,"Od Sr"
195,"33","c","a","os",2,26666.66667,2666666.667,1.04e+08,2.64e+08,8.26873183199274,4.59511985000959,1.79945944869653,"Od Sr"
196,"33","d","a","os",2,26666.66667,2666666.667,61333333.3333333,5.28e+08,7.74066440179224,5.28826703056954,1.46374310469693,"Od Sr"
197,"33","e","a","os",2,26666.66667,2666666.667,21333333.3333333,2.56e+08,6.68461172754293,4.56434819134284,1.4645271235489,"Od Sr"
198,"33","f","a","os",2,26666.66667,2666666.667,45333333.3333333,3.04e+08,7.43838352991931,4.7361984482695,1.57053882162331,"Od Sr"
199,"34","a","p","ov",2,26666.66667,2666666.667,90666666.6666667,1.88e+08,8.13153071047925,4.25561270969322,1.91077789855211,"Od Vg"
200,"34","b","p","ov",2,26666.66667,2666666.667,70666666.6666667,2.12e+08,7.88231491885527,4.37575702153529,1.80136028578883,"Od Vg"
201,"34","c","p","ov",2,26666.66667,2666666.667,41333333.3333333,1.52e+08,7.34601020978829,4.04305126770955,1.81694708361933,"Od Vg"
202,"34","d","p","ov",2,26666.66667,2666666.667,22666666.6666667,269333333.333333,6.74523634935936,4.61512051671626,1.46155150768603,"Od Vg"
203,"34","e","p","ov",2,26666.66667,2666666.667,53333333.3333333,146666666.666667,7.60090245941708,4.00733318510747,1.89674831323346,"Od Vg"
204,"34","f","p","ov",2,26666.66667,2666666.667,33333333.3333333,1.44e+08,7.13089883017135,3.98898404643927,1.78764786901985,"Od Vg"
205,"35","a","p","os",2,26666.66667,2666666.667,41333333.3333333,613333333.333333,7.34601020978829,5.4380793087982,1.35084646483608,"Od Sr"
206,"35","b","p","os",2,26666.66667,2666666.667,2.8e+07,617333333.333333,6.95654544302657,5.44457987340129,1.27770105403573,"Od Sr"
207,"35","c","p","os",2,26666.66667,2666666.667,8e+07,4.48e+08,8.00636756752525,5.12396397927826,1.562533928791,"Od Sr"
208,"35","d","p","os",2,26666.66667,2666666.667,97333333.3333333,362666666.666667,8.20248244645154,4.91265488561105,1.66966388591151,"Od Sr"
209,"35","e","p","os",2,26666.66667,2666666.667,22666666.6666667,514666666.666667,6.74523634935936,5.26269018877989,1.28170880431842,"Od Sr"
210,"35","f","p","os",2,26666.66667,2666666.667,61333333.3333333,501333333.333333,7.74066440179224,5.23644196270495,1.478229770696,"Od Sr"
211,"36","a","v","os",2,26666.66667,2666666.667,29333333.3333333,254666666.666667,7.00306545866146,4.55912624736168,1.53605429608668,"Od Sr"
212,"36","b","v","os",2,26666.66667,2666666.667,49333333.3333333,286666666.666667,7.52294091794737,4.67749084744272,1.6083283032099,"Od Sr"
213,"36","c","v","os",2,26666.66667,2666666.667,61333333.3333333,318666666.666667,7.74066440179224,4.78331637124657,1.61826310472016,"Od Sr"
214,"36","d","v","os",2,26666.66667,2666666.667,25333333.3333333,365333333.333333,6.85646198446959,4.91998092570312,1.39359523705668,"Od Sr"
215,"36","e","v","os",2,26666.66667,2666666.667,41333333.3333333,513333333.333333,7.34601020978829,5.26009615360284,1.39655435856562,"Od Sr"
216,"36","f","v","os",2,26666.66667,2666666.667,34666666.6666667,197333333.333333,7.17011954332463,4.30406509307917,1.66589477349076,"Od Sr"
217,"37","a","p","av",2,26666.66667,2666666.667,61333333.3333333,109333333.333333,7.74066440179224,3.71357206657931,2.08442552426953,"Aa Vg"
218,"37","b","p","av",2,26666.66667,2666666.667,5.2e+07,93333333.3333333,7.57558465143279,3.55534806136441,2.13075752941206,"Aa Vg"
219,"37","c","p","av",2,26666.66667,2666666.667,5.4e+07,94666666.6666667,7.61332497941564,3.56953269635637,2.13286321405236,"Aa Vg"
220,"37","d","p","av",2,26666.66667,2666666.667,65333333.3333333,1e+08,7.80384330341377,3.62434093285137,2.1531758319641,"Aa Vg"
221,"37","e","p","av",2,26666.66667,2666666.667,2.8e+07,69333333.3333333,6.95654544302657,3.25809653789648,2.13515632889071,"Aa Vg"
222,"37","f","p","av",2,26666.66667,2666666.667,69333333.3333333,9.2e+07,7.86326672388457,3.54095932391231,2.2206599976406,"Aa Vg"
223,"38","a","p","as",2,26666.66667,2666666.667,33333333.3333333,490666666.666667,7.13089883017135,5.21493575748399,1.36739917072569,"Aa Sr"
224,"38","b","p","as",2,26666.66667,2666666.667,4.8e+07,4.52e+08,7.49554194375926,5.1328529266955,1.46030717240613,"Aa Sr"
225,"38","c","p","as",2,26666.66667,2666666.667,54666666.6666667,377333333.333333,7.62559507200745,4.95229971695829,1.53980887826618,"Aa Sr"
226,"38","d","p","as",2,26666.66667,2666666.667,54666666.6666667,513333333.333333,7.62559507200745,5.26009615360284,1.44970640256916,"Aa Sr"
227,"38","e","p","as",2,26666.66667,2666666.667,38666666.6666667,441333333.333333,7.27931883528962,5.10897119469212,1.424811093641,"Aa Sr"
228,"38","f","p","as",2,26666.66667,2666666.667,8.4e+07,398666666.666667,8.05515773169468,5.00729639270574,1.60868402825701,"Aa Sr"
229,"39","a","v","as",2,26666.66667,2666666.667,3.6e+07,5.64e+08,7.20785987130748,5.35422499836133,1.34620040687746,"Aa Sr"
230,"39","b","v","as",2,26666.66667,2666666.667,2.4e+07,473333333.333333,6.80239476319931,5.17897060879047,1.3134646394118,"Aa Sr"
231,"39","c","v","as",2,26666.66667,2666666.667,6666666.66666667,733333333.333333,5.52146091773725,5.61677109754157,0.983031144024003,"Aa Sr"
232,"39","d","v","as",2,26666.66667,2666666.667,45333333.3333333,442666666.666667,7.43838352991931,5.11198778823154,1.45508632611436,"Aa Sr"
233,"39","e","v","as",2,26666.66667,2666666.667,25333333.3333333,4e+08,6.85646198446959,5.01063529397126,1.36838176841951,"Aa Sr"
234,"39","f","v","as",2,26666.66667,2666666.667,57333333.3333333,238666666.666667,7.67322312099671,4.49423862515581,1.70734661885709,"Aa Sr"
235,"40","a","v","ps",2,26666.66667,2666666.667,8e+07,449333333.333333,8.00636756752525,5.12693574966742,1.56162822365087,"Pc Sr"
236,"40","b","v","ps",2,26666.66667,2666666.667,98666666.6666667,4.88e+08,8.21608809850732,5.20948615271642,1.57713982869945,"Pc Sr"
237,"40","c","v","ps",2,26666.66667,2666666.667,53333333.3333333,522666666.666667,7.60090245941708,5.27811465910552,1.44007907185275,"Pc Sr"
238,"40","d","v","ps",2,26666.66667,2666666.667,8.8e+07,4.8e+08,8.10167774732957,5.19295685076521,1.56012806964413,"Pc Sr"
239,"40","e","v","ps",2,26666.66667,2666666.667,133333333.333333,418666666.666667,8.51719319129124,5.05624580522331,1.68448954409863,"Pc Sr"
240,"40","f","v","ps",2,26666.66667,2666666.667,82666666.6666667,5.06e+08,8.03915739034824,5.24570741615074,1.53252111728475,"Pc Sr"
241,"41","a","p","ao",2,26666.66667,2666666.667,81333333.3333333,137333333.333333,8.02289686947646,3.94158180754469,2.03545106031279,"Aa Od"
242,"41","b","p","ao",2,26666.66667,2666666.667,86666666.6666667,1.28e+08,8.08641027519878,3.87120101078289,2.08886344384464,"Aa Od"
243,"41","c","p","ao",2,26666.66667,2666666.667,69333333.3333333,209333333.333333,7.86326672388457,4.36309862466336,1.80222071521275,"Aa Od"
244,"41","d","p","ao",2,26666.66667,2666666.667,29333333.3333333,3.84e+08,7.00306545866146,4.969813299451,1.40912043103009,"Aa Od"
245,"41","e","p","ao",2,26666.66667,2666666.667,41333333.3333333,238666666.666667,7.34601020978829,4.49423862515581,1.6345394231339,"Aa Od"
246,"41","f","p","ao",2,26666.66667,2666666.667,70666666.6666667,1.68e+08,7.88231491885527,4.14313472626653,1.90250026601433,"Aa Od"
247,"42","a","v","ao",2,26666.66667,2666666.667,4e+07,3.44e+08,7.3132203869653,4.85981240423667,1.50483594399442,"Aa Od"
248,"42","b","v","ao",2,26666.66667,2666666.667,2e+07,201333333.333333,6.62007320640536,4.32413265612998,1.53095978612511,"Aa Od"
249,"42","c","v","ao",2,26666.66667,2666666.667,17333333.3333333,197333333.333333,6.47697236276468,4.30406509307917,1.50485000172964,"Aa Od"
250,"42","d","v","ao",2,26666.66667,2666666.667,30666666.6666667,166666666.666667,7.0475172212323,4.13516655661736,1.70428859992457,"Aa Od"
251,"42","e","v","ao",2,26666.66667,2666666.667,3.2e+07,361333333.333333,7.09007683565109,4.90897164019476,1.44431000122254,"Aa Od"
252,"42","f","v","ao",2,26666.66667,2666666.667,41333333.3333333,318666666.666667,7.34601020978829,4.78331637124657,1.53575670928784,"Aa Od"
253,"43","a","s","ao",2,26666.66667,2666666.667,145333333.333333,365333333.333333,8.60337088753229,4.91998092570312,1.74865939877658,"Aa Od"
254,"43","b","s","ao",2,26666.66667,2666666.667,186666666.666667,2.48e+08,8.85366542791245,4.53259949302826,1.95333063102764,"Aa Od"
255,"43","c","s","ao",2,26666.66667,2666666.667,181333333.333333,341333333.333333,8.8246778910392,4.85203026379462,1.8187598615961,"Aa Od"
256,"43","d","s","ao",2,26666.66667,2666666.667,1.6e+08,3.52e+08,8.69951474808519,4.88280192246137,1.78166447999182,"Aa Od"
257,"43","e","s","ao",2,26666.66667,2666666.667,2.24e+08,314666666.666667,9.0359869847064,4.77068462434066,1.89406504437615,"Aa Od"
258,"43","f","s","ao",2,26666.66667,2666666.667,157333333.333333,258666666.666667,8.68270762976881,4.57471097837838,1.89797949440002,"Aa Od"
259,"44","a","v","po",2,26666.66667,2666666.667,126666666.666667,1.68e+08,8.46589989690369,4.14313472626653,2.04335616779049,"Pc Od"
260,"44","b","v","po",2,26666.66667,2666666.667,1.64e+08,145333333.333333,8.72420736067556,3.9982007015442,2.1820333724883,"Pc Od"
261,"44","c","v","po",2,26666.66667,2666666.667,153333333.333333,146666666.666667,8.6569551336664,4.00733318510747,2.16027835315476,"Pc Od"
262,"44","d","v","po",2,26666.66667,2666666.667,110666666.666667,166666666.666667,8.33086361309974,4.13516655661736,2.01463798350956,"Pc Od"
263,"44","e","v","po",2,26666.66667,2666666.667,53333333.3333333,153333333.333333,7.60090245941708,4.05178494767831,1.87593926073802,"Pc Od"
264,"44","f","v","po",2,26666.66667,2666666.667,125333333.333333,1.52e+08,8.45531778757315,4.04305126770955,2.09132094245325,"Pc Od"
265,"45","a","s","po",2,26666.66667,2666666.667,369333333.333333,201333333.333333,9.53604051149049,4.32413265612998,2.20530711470473,"Pc Od"
266,"45","b","s","po",2,26666.66667,2666666.667,4.52e+08,246666666.666667,9.7380231126836,4.52720864439338,2.15099940771306,"Pc Od"
267,"45","c","s","po",2,26666.66667,2666666.667,6e+08,237333333.333333,10.0212705880675,4.48863636960714,2.23258686221994,"Pc Od"
268,"45","d","s","po",2,26666.66667,2666666.667,3.92e+08,181333333.333333,9.59560277264183,4.21950770505111,2.27410481112645,"Pc Od"
269,"45","e","s","po",2,26666.66667,2666666.667,390666666.666667,162666666.666667,9.59219561432021,4.11087386404831,2.33337142698754,"Pc Od"
270,"45","f","s","po",2,26666.66667,2666666.667,470666666.666667,174666666.666667,9.77849106223644,4.18205014251621,2.3382051216519,"Pc Od"
271,"46","a","s","vo",2,26666.66667,2666666.667,2.08e+08,214666666.666667,8.96187901255268,4.38825718429952,2.04224106203639,"Vg Od"
272,"46","b","s","vo",2,26666.66667,2666666.667,178666666.666667,2.08e+08,8.80986280525406,4.35670882656459,2.02213715810816,"Vg Od"
273,"46","c","s","vo",2,26666.66667,2666666.667,2.44e+08,2e+08,9.12150915814457,4.31748811341131,2.11268888727467,"Vg Od"
274,"46","d","s","vo",2,26666.66667,2666666.667,81333333.3333333,2.96e+08,8.02289686947646,4.70953020118733,1.70354505157516,"Vg Od"
275,"46","e","s","vo",2,26666.66667,2666666.667,7.6e+07,322666666.666667,7.9550742731377,4.79579054547174,1.65876182408529,"Vg Od"
276,"46","f","s","vo",2,26666.66667,2666666.667,317333333.333333,2.16e+08,9.38429367897462,4.39444915454744,2.13548805525799,"Vg Od"
277,"47","a","v","pa",2,26666.66667,2666666.667,46666666.6666667,1.08e+08,7.46737106679256,3.70130197398749,2.01749846926102,"Pc Aa"
278,"47","b","v","pa",2,26666.66667,2666666.667,29333333.3333333,122666666.666667,7.00306545866146,3.8286413963641,1.8291254608781,"Pc Aa"
279,"47","c","v","pa",2,26666.66667,2666666.667,4.8e+07,1.56e+08,7.49554194375926,4.06902675411281,1.84209699191166,"Pc Aa"
280,"47","d","v","pa",2,26666.66667,2666666.667,4.8e+07,162666666.666667,7.49554194375926,4.11087386404831,1.82334515522638,"Pc Aa"
281,"47","e","v","pa",2,26666.66667,2666666.667,5.6e+07,173333333.333333,7.64969262358651,4.17438726977064,1.83253065161988,"Pc Aa"
282,"47","f","v","pa",2,26666.66667,2666666.667,58666666.6666667,1.28e+08,7.69621263922141,3.87120101078289,1.98806846190221,"Pc Aa"
283,"48","a","s","pa",2,26666.66667,2666666.667,545333333.333333,1.6e+08,9.92573816134595,4.0943445620971,2.42425570462053,"Pc Aa"
284,"48","b","s","pa",2,26666.66667,2666666.667,413333333.333333,209333333.333333,9.64859530278234,4.36309862466336,2.21140893956455,"Pc Aa"
285,"48","c","s","pa",2,26666.66667,2666666.667,573333333.333333,1.92e+08,9.97580821399075,4.27666611889105,2.33261328723447,"Pc Aa"
286,"48","d","s","pa",2,26666.66667,2666666.667,345333333.333333,169333333.333333,9.46885106700268,4.15103990577365,2.28107926734998,"Pc Aa"
287,"48","e","s","pa",2,26666.66667,2666666.667,4e+08,174666666.666667,9.61580547995935,4.18205014251621,2.29930420541869,"Pc Aa"
288,"48","f","s","pa",2,26666.66667,2666666.667,522666666.666667,189333333.333333,9.88328484509361,4.26267987691632,2.31856135822316,"Pc Aa"
289,"49","a","s","va",2,26666.66667,2666666.667,3.12e+08,262666666.666667,9.36734412066085,4.59005654805304,2.04079057035456,"Vg Aa"
290,"49","b","s","va",2,26666.66667,2666666.667,2.88e+08,54666666.6666667,9.28730141298731,3.02042488601936,3.07483276805705,"Vg Aa"
291,"49","c","s","va",2,26666.66667,2666666.667,4.04e+08,306666666.666667,9.62575581081252,4.74493212823825,2.02863930413826,"Vg Aa"
292,"49","d","s","va",2,26666.66667,2666666.667,338666666.666667,2.56e+08,9.44935727232168,4.56434819134284,2.07025338037186,"Vg Aa"
293,"49","e","s","va",2,26666.66667,2666666.667,338666666.666667,2.16e+08,9.44935727232168,4.39444915454744,2.15029391398086,"Vg Aa"
294,"49","f","s","va",2,26666.66667,2666666.667,365333333.333333,322666666.666667,9.52515111169122,4.79579054547174,1.98614827344472,"Vg Aa"
295,"50","a","s","vp",2,26666.66667,2666666.667,433333333.333333,82666666.6666667,9.69584818763288,3.43398720436015,2.8234957239567,"Vg Pc"
296,"50","b","s","vp",2,26666.66667,2666666.667,506666666.666667,1.24e+08,9.85219425802358,3.83945231246831,2.56604157473955,"Vg Pc"
297,"50","c","s","vp",2,26666.66667,2666666.667,357333333.333333,82666666.6666667,9.503009985814,3.43398720436015,2.76733995215474,"Vg Pc"
298,"50","d","s","vp",2,26666.66667,2666666.667,318666666.666667,1.24e+08,9.38848655723466,3.83945231246831,2.44526713530112,"Vg Pc"
299,"50","e","s","vp",2,26666.66667,2666666.667,3.32e+08,58666666.6666667,9.42947590176785,3.09104245323332,3.05058116943828,"Vg Pc"
300,"50","f","s","vp",2,26666.66667,2666666.667,373333333.333333,1.24e+08,9.5468126084724,3.83945231246831,2.48650375926532,"Vg Pc"
301,"51","a","o","apv",3,26666.66667,2666666.667,41333333.3333333,117333333.333333,7.34601020978829,3.78418963379326,1.94123733762905,"Aa Pc Vg"
302,"51","b","o","apv",3,26666.66667,2666666.667,73333333.3333333,117333333.333333,7.91935619053562,3.78418963379326,2.09274823856998,"Aa Pc Vg"
303,"51","c","o","apv",3,26666.66667,2666666.667,5.2e+07,85333333.3333333,7.57558465143279,3.46573590267473,2.18585168177017,"Aa Pc Vg"
304,"51","d","o","apv",3,26666.66667,2666666.667,8e+07,205333333.333333,8.00636756752525,4.34380542172868,1.84316901661286,"Aa Pc Vg"
305,"51","e","o","apv",3,26666.66667,2666666.667,57333333.3333333,1.6e+08,7.67322312099671,4.0943445620971,1.87410292529619,"Aa Pc Vg"
306,"51","f","o","apv",3,26666.66667,2666666.667,6.8e+07,1.88e+08,7.84384863802747,4.25561270969322,1.84317727507514,"Aa Pc Vg"
307,"52","a","o","aps",3,26666.66667,2666666.667,3.2e+07,519333333.333333,7.09007683565109,5.27171668462586,1.34492751788581,"Aa Pc Sr"
308,"52","b","o","aps",3,26666.66667,2666666.667,26666666.6666667,672666666.666667,6.90775527885714,5.53042065910872,1.2490469902104,"Aa Pc Sr"
309,"52","c","o","aps",3,26666.66667,2666666.667,4e+07,719333333.333333,7.3132203869653,5.59749560401324,1.30651650386682,"Aa Pc Sr"
310,"52","d","o","aps",3,26666.66667,2666666.667,4e+07,669333333.333333,7.3132203869653,5.52545293900678,1.32355129392883,"Aa Pc Sr"
311,"52","e","o","aps",3,26666.66667,2666666.667,41333333.3333333,547333333.333333,7.34601020978829,5.32422874820754,1.37973226868988,"Aa Pc Sr"
312,"52","f","o","aps",3,26666.66667,2666666.667,37333333.3333333,7.6e+08,7.24422751547835,5.65248918014365,1.28159953687771,"Aa Pc Sr"
313,"53","a","o","avs",3,26666.66667,2666666.667,114666666.666667,325333333.333333,8.36637030155665,4.80402104460826,1.74153489834241,"Aa Vg Sr"
314,"53","b","o","avs",3,26666.66667,2666666.667,53333333.3333333,309333333.333333,7.60090245941708,4.75359019098136,1.59898143383031,"Aa Vg Sr"
315,"53","c","o","avs",3,26666.66667,2666666.667,130666666.666667,490666666.666667,8.49699048397372,5.21493575748399,1.62935669375785,"Aa Vg Sr"
316,"53","d","o","avs",3,26666.66667,2666666.667,82666666.6666667,326666666.666667,8.03915739034824,4.80811102985978,1.67199911574893,"Aa Vg Sr"
317,"53","e","o","avs",3,26666.66667,2666666.667,7.6e+07,242666666.666667,7.9550742731377,4.51085950639185,1.76353847018854,"Aa Vg Sr"
318,"53","f","o","avs",3,26666.66667,2666666.667,85333333.3333333,405333333.333333,8.07090608866282,5.02388052072128,1.60650836646571,"Aa Vg Sr"
319,"54","a","o","pvs",3,26666.66667,2666666.667,74666666.6666667,7.6e+08,7.9373746960383,5.65248918014365,1.40422642893703,"Pc Vg Sr"
320,"54","b","o","pvs",3,26666.66667,2666666.667,37333333.3333333,464666666.666667,7.24422751547835,5.16049104951563,1.40378647031241,"Pc Vg Sr"
321,"54","c","o","pvs",3,26666.66667,2666666.667,74666666.6666667,493333333.333333,7.9373746960383,5.22035582495332,1.52046622149732,"Pc Vg Sr"
322,"54","d","o","pvs",3,26666.66667,2666666.667,85333333.3333333,4.32e+08,8.07090608866282,5.08759633510738,1.5863888479062,"Pc Vg Sr"
323,"54","e","o","pvs",3,26666.66667,2666666.667,38666666.6666667,514666666.666667,7.27931883528962,5.26269018877989,1.3831934949941,"Pc Vg Sr"
324,"54","f","o","pvs",3,26666.66667,2666666.667,3.2e+07,562666666.666667,7.09007683565109,5.35185813335107,1.32478788842851,"Pc Vg Sr"
325,"55","a","a","pvs",3,26666.66667,2666666.667,2e+06,2.4e+08,4.31748811341131,4.49980967020527,0.959482384777035,"Pc Vg Sr"
326,"55","b","a","pvs",3,26666.66667,2666666.667,6666666.66666667,414666666.666667,5.52146091773725,5.04664573149429,1.09408530170442,"Pc Vg Sr"
327,"55","c","a","pvs",3,26666.66667,2666666.667,4e+06,525333333.333333,5.01063529397126,5.28320372861299,0.948408494420621,"Pc Vg Sr"
328,"55","d","a","pvs",3,26666.66667,2666666.667,45333333.3333333,530666666.666667,7.43838352991931,5.29330482459949,1.40524375156916,"Pc Vg Sr"
329,"55","e","a","pvs",3,26666.66667,2666666.667,45333333.3333333,6.48e+08,7.43838352991931,5.49306144321555,1.35414169435633,"Pc Vg Sr"
330,"55","f","a","pvs",3,26666.66667,2666666.667,34666666.6666667,417333333.333333,7.17011954332463,5.05305600985521,1.41896696362368,"Pc Vg Sr"
331,"56","a","a","opv",3,26666.66667,2666666.667,4e+06,285333333.333333,5.01063529397126,4.67282883433691,1.07229163994882,"Od Pc Vg"
332,"56","b","a","opv",3,26666.66667,2666666.667,1333333.33333333,286666666.666667,3.91202300530315,4.67749084744272,0.836350755756568,"Od Pc Vg"
333,"56","c","a","opv",3,26666.66667,2666666.667,5333333.33333333,273333333.333333,5.29831736642304,4.62986279845346,1.14437891511447,"Od Pc Vg"
334,"56","d","a","opv",3,26666.66667,2666666.667,5333333.33333333,253333333.333333,5.29831736642304,4.55387689147554,1.16347400087627,"Od Pc Vg"
335,"56","e","a","opv",3,26666.66667,2666666.667,13333333.3333333,310666666.666667,6.21460809829719,4.75789127288076,1.30616858222875,"Od Pc Vg"
336,"56","f","a","opv",3,26666.66667,2666666.667,5333333.33333333,221333333.333333,5.29831736642304,4.4188406076716,1.19902884870402,"Od Pc Vg"
337,"57","a","a","ops",3,26666.66667,2666666.667,9.6e+07,186666666.666667,8.1886891243192,4.24849524192436,1.92743281044847,"Od Pc Sr"
338,"57","b","a","ops",3,26666.66667,2666666.667,7.2e+07,186666666.666667,7.90100705186742,4.24849524192436,1.85971893622474,"Od Pc Sr"
339,"57","c","a","ops",3,26666.66667,2666666.667,5.6e+07,5.36e+08,7.64969262358651,5.30330490793408,1.44243877287578,"Od Pc Sr"
340,"57","d","a","ops",3,26666.66667,2666666.667,165333333.333333,461333333.333333,8.73230457090818,5.15329159437278,1.69451008369943,"Od Pc Sr"
341,"57","e","a","ops",3,26666.66667,2666666.667,1e+08,506666666.666667,8.22951111883946,5.24702407203549,1.56841497310817,"Od Pc Sr"
342,"57","f","a","ops",3,26666.66667,2666666.667,122666666.666667,266666666.666667,8.43381158235219,4.60517018586309,1.83137891586335,"Od Pc Sr"
343,"58","a","a","ovs",3,26666.66667,2666666.667,30666666.6666667,370666666.666667,7.0475172212323,4.93447393300569,1.42822057972439,"Od Vg Sr"
344,"58","b","a","ovs",3,26666.66667,2666666.667,57333333.3333333,2.88e+08,7.67322312099671,4.68213122699922,1.63883128194903,"Od Vg Sr"
345,"58","c","a","ovs",3,26666.66667,2666666.667,22666666.6666667,4.68e+08,6.74523634935936,5.16763904278092,1.30528395917712,"Od Vg Sr"
346,"58","d","a","ovs",3,26666.66667,2666666.667,74666666.6666667,3.32e+08,7.9373746960383,4.82430571577976,1.64528849614071,"Od Vg Sr"
347,"58","e","a","ovs",3,26666.66667,2666666.667,74666666.6666667,409333333.333333,7.9373746960383,5.03370056690225,1.57684681290508,"Od Vg Sr"
348,"58","f","a","ovs",3,26666.66667,2666666.667,29333333.3333333,4.24e+08,7.00306545866146,5.06890420209523,1.38157384307376,"Od Vg Sr"
349,"59","a","p","ovs",3,26666.66667,2666666.667,1.2e+07,334666666.666667,6.10924758263937,4.83230575844684,1.26425104039835,"Od Vg Sr"
350,"59","b","p","ovs",3,26666.66667,2666666.667,2e+07,4.04e+08,6.62007320640536,5.02058562482442,1.3185858585246,"Od Vg Sr"
351,"59","c","p","ovs",3,26666.66667,2666666.667,13333333.3333333,3.96e+08,6.21460809829719,5.00058495811775,1.24277622525114,"Od Vg Sr"
352,"59","d","p","ovs",3,26666.66667,2666666.667,25333333.3333333,277333333.333333,6.85646198446959,4.64439089901637,1.47628873915882,"Od Vg Sr"
353,"59","e","p","ovs",3,26666.66667,2666666.667,10666666.6666667,3.6e+08,5.99146454698298,4.90527477831343,1.2214330119633,"Od Vg Sr"
354,"59","f","p","ovs",3,26666.66667,2666666.667,4.4e+07,578666666.666667,7.40853056676963,5.37989735341546,1.37707656486536,"Od Vg Sr"
355,"60","a","p","avs",3,26666.66667,2666666.667,178666666.666667,7.44e+08,8.80986280525406,5.63121178169637,1.56447016144723,"Aa Vg Sr"
356,"60","b","p","avs",3,26666.66667,2666666.667,101333333.333333,586666666.666667,8.24275634558948,5.39362754622736,1.52823981169315,"Aa Vg Sr"
357,"60","c","p","avs",3,26666.66667,2666666.667,93333333.3333333,3.76e+08,8.1605182473525,4.94875989025317,1.64900266497574,"Aa Vg Sr"
358,"60","d","p","avs",3,26666.66667,2666666.667,62666666.6666667,4.16e+08,7.76217060701321,5.04985600712454,1.53710731475552,"Aa Vg Sr"
359,"60","e","p","avs",3,26666.66667,2666666.667,37333333.3333333,302666666.666667,7.24422751547835,4.73180283679646,1.53096563093125,"Aa Vg Sr"
360,"60","f","p","avs",3,26666.66667,2666666.667,10666666.6666667,778666666.666667,5.99146454698298,5.67675380214328,1.05543850514019,"Aa Vg Sr"
361,"61","a","p","aov",3,26666.66667,2666666.667,37333333.3333333,3.88e+08,7.24422751547835,4.98017608648655,1.4546127264727,"Aa Od Vg"
362,"61","b","p","aov",3,26666.66667,2666666.667,14666666.6666667,229333333.333333,6.30991827810152,4.45434729612851,1.41657528221604,"Aa Od Vg"
363,"61","c","p","aov",3,26666.66667,2666666.667,45333333.3333333,1.6e+08,7.43838352991931,4.0943445620971,1.81674585934443,"Aa Od Vg"
364,"61","d","p","aov",3,26666.66667,2666666.667,50666666.6666667,294666666.666667,7.54960916502953,4.70501552083281,1.60458751551434,"Aa Od Vg"
365,"61","e","p","aov",3,26666.66667,2666666.667,49333333.3333333,273333333.333333,7.52294091794737,4.62986279845346,1.62487340239549,"Aa Od Vg"
366,"61","f","p","aov",3,26666.66667,2666666.667,14666666.6666667,510666666.666667,6.30991827810152,5.2548878084957,1.20077126440266,"Aa Od Vg"
367,"62","a","p","aos",3,26666.66667,2666666.667,53333333.3333333,629333333.333333,7.60090245941708,5.46383180490061,1.39113038812792,"Aa Od Sr"
368,"62","b","p","aos",3,26666.66667,2666666.667,50666666.6666667,605333333.333333,7.54960916502953,5.4249500173564,1.39164584758856,"Aa Od Sr"
369,"62","c","p","aos",3,26666.66667,2666666.667,1.6e+07,638666666.666667,6.39692965509115,5.47855341672597,1.16763115525375,"Aa Od Sr"
370,"62","d","p","aos",3,26666.66667,2666666.667,33333333.3333333,502666666.666667,7.13089883017135,5.23909800676307,1.36109284860985,"Aa Od Sr"
371,"62","e","p","aos",3,26666.66667,2666666.667,22666666.6666667,4.68e+08,6.74523634935936,5.16763904278092,1.30528395917712,"Aa Od Sr"
372,"62","f","p","aos",3,26666.66667,2666666.667,17333333.3333333,301333333.333333,6.47697236276468,4.72738781858734,1.37009541237515,"Aa Od Sr"
373,"63","a","v","aos",3,26666.66667,2666666.667,18666666.6666667,402666666.666667,6.5510803349184,5.01727983668992,1.30570359799592,"Aa Od Sr"
374,"63","b","v","aos",3,26666.66667,2666666.667,61333333.3333333,434666666.666667,7.74066440179224,5.09375020068176,1.51963957729144,"Aa Od Sr"
375,"63","c","v","aos",3,26666.66667,2666666.667,8e+06,622666666.666667,5.7037824745312,5.45318207698395,1.04595489275976,"Aa Od Sr"
376,"63","d","v","aos",3,26666.66667,2666666.667,65333333.3333333,341333333.333333,7.80384330341377,4.85203026379462,1.60836657628566,"Aa Od Sr"
377,"63","e","v","aos",3,26666.66667,2666666.667,2e+07,3.8e+08,6.62007320640536,4.9593419995837,1.33486926430181,"Aa Od Sr"
378,"63","f","v","aos",3,26666.66667,2666666.667,53333333.3333333,470666666.666667,7.60090245941708,5.17332087624835,1.46925014729208,"Aa Od Sr"
379,"64","a","v","pos",3,26666.66667,2666666.667,49333333.3333333,3.82e+08,7.52294091794737,4.96459135546985,1.51531926382195,"Pc Od Sr"
380,"64","b","v","pos",3,26666.66667,2666666.667,36666666.6666667,364666666.666667,7.22620900997567,4.91815444117709,1.46929282038695,"Pc Od Sr"
381,"64","c","v","pos",3,26666.66667,2666666.667,42666666.6666667,329333333.333333,7.37775890810287,4.81624115594303,1.53184997786065,"Pc Od Sr"
382,"64","d","v","pos",3,26666.66667,2666666.667,41333333.3333333,265333333.333333,7.34601020978829,4.60015764403955,1.59690401464971,"Pc Od Sr"
383,"64","e","v","pos",3,26666.66667,2666666.667,39333333.3333333,276666666.666667,7.29641326864892,4.64198415898581,1.57183071263282,"Pc Od Sr"
384,"64","f","v","pos",3,26666.66667,2666666.667,56666666.6666667,244666666.666667,7.66152708123352,4.51906748680968,1.69537788572445,"Pc Od Sr"
385,"65","a","v","pas",3,26666.66667,2666666.667,14666666.6666667,597333333.333333,6.30991827810152,5.41164605173004,1.16598872464771,"Pc Aa Sr"
386,"65","b","v","pas",3,26666.66667,2666666.667,3.2e+07,370666666.666667,7.09007683565109,4.93447393300569,1.43684553448079,"Pc Aa Sr"
387,"65","c","v","pas",3,26666.66667,2666666.667,14666666.6666667,337333333.333333,6.30991827810152,4.84024230804258,1.30363685876158,"Pc Aa Sr"
388,"65","d","v","pas",3,26666.66667,2666666.667,21333333.3333333,550666666.666667,6.68461172754293,5.33030041227609,1.25407785875403,"Pc Aa Sr"
389,"65","e","v","pas",3,26666.66667,2666666.667,14666666.6666667,449333333.333333,6.30991827810152,5.12693574966742,1.23073870752346,"Pc Aa Sr"
390,"65","f","v","pas",3,26666.66667,2666666.667,5333333.33333333,370666666.666667,5.29831736642304,4.93447393300569,1.07373499958804,"Pc Aa Sr"
391,"66","a","v","apo",3,26666.66667,2666666.667,35333333.3333333,1.9e+08,7.18916773829532,4.26619481902376,1.68514754793604,"Aa Pc Od"
392,"66","b","v","apo",3,26666.66667,2666666.667,54666666.6666667,218666666.666667,7.62559507200745,4.40671924713925,1.73044722033468,"Aa Pc Od"
393,"66","c","v","apo",3,26666.66667,2666666.667,45333333.3333333,198666666.666667,7.43838352991931,4.31079912526051,1.72552311387736,"Aa Pc Od"
394,"66","d","v","apo",3,26666.66667,2666666.667,71333333.3333333,2.1e+08,7.89170465920511,4.36627827758074,1.80742136838281,"Aa Pc Od"
395,"66","e","v","apo",3,26666.66667,2666666.667,8.4e+07,2.4e+08,8.05515773169468,4.49980967020527,1.79011076513537,"Aa Pc Od"
396,"66","f","v","apo",3,26666.66667,2666666.667,101333333.333333,213333333.333333,8.24275634558948,4.38202663454888,1.88103748174457,"Aa Pc Od"
397,"67","a","s","apo",3,26666.66667,2666666.667,2e+08,257333333.333333,8.9226582993994,4.56954300821994,1.95263690118439,"Aa Pc Od"
398,"67","b","s","apo",3,26666.66667,2666666.667,397333333.333333,158666666.666667,9.60911649180855,4.08597631242658,2.35173083666309,"Aa Pc Od"
399,"67","c","s","apo",3,26666.66667,2666666.667,202666666.666667,261333333.333333,8.93590352614942,4.58496747854557,1.94895679586893,"Aa Pc Od"
400,"67","d","s","apo",3,26666.66667,2666666.667,2.68e+08,190666666.666667,9.21532791336222,4.26969744957496,2.15830934678512,"Aa Pc Od"
401,"67","e","s","apo",3,26666.66667,2666666.667,2.32e+08,171333333.333333,9.07107830451768,4.16278172365033,2.17909054730914,"Aa Pc Od"
402,"67","f","s","apo",3,26666.66667,2666666.667,265333333.333333,2.48e+08,9.20532783002764,4.53259949302826,2.03091577894466,"Aa Pc Od"
403,"68","a","s","avo",3,26666.66667,2666666.667,1.72e+08,318666666.666667,8.77183540966482,4.78331637124657,1.83383968963333,"Aa Vg Od"
404,"68","b","s","avo",3,26666.66667,2666666.667,2.08e+08,418666666.666667,8.96187901255268,5.05624580522331,1.77243736910391,"Aa Vg Od"
405,"68","c","s","avo",3,26666.66667,2666666.667,5333333.33333333,4.56e+08,5.29831736642304,5.14166355637766,1.03046753416043,"Aa Vg Od"
406,"68","d","s","avo",3,26666.66667,2666666.667,4e+06,2.56e+08,5.01063529397126,4.56434819134284,1.09777674356108,"Aa Vg Od"
407,"68","e","s","avo",3,26666.66667,2666666.667,5.2e+07,322666666.666667,7.57558465143279,4.79579054547174,1.57963209185309,"Aa Vg Od"
408,"68","f","s","avo",3,26666.66667,2666666.667,5333333.33333333,418666666.666667,5.29831736642304,5.05624580522331,1.04787575021564,"Aa Vg Od"
409,"69","a","s","pvo",3,26666.66667,2666666.667,349333333.333333,150666666.666667,9.48036750906424,4.0342406380274,2.34997571034826,"Pc Vg Od"
410,"69","b","s","pvo",3,26666.66667,2666666.667,165333333.333333,1.56e+08,8.73230457090818,4.06902675411281,2.14604255479075,"Pc Vg Od"
411,"69","c","s","pvo",3,26666.66667,2666666.667,1.16e+08,1.88e+08,8.37793112395773,4.25561270969322,1.96867800137801,"Pc Vg Od"
412,"69","d","s","pvo",3,26666.66667,2666666.667,2.84e+08,170666666.666667,9.27331517101257,4.15888308323467,2.22976096837039,"Pc Vg Od"
413,"69","e","s","pvo",3,26666.66667,2666666.667,122666666.666667,2.24e+08,8.43381158235219,4.43081679871831,1.90344398459259,"Pc Vg Od"
414,"69","f","s","pvo",3,26666.66667,2666666.667,1.84e+08,126666666.666667,8.83927669046035,3.8607297109156,2.28953523098722,"Pc Vg Od"
415,"70","a","s","pva",3,26666.66667,2666666.667,234666666.666667,168666666.666667,9.0825070003413,4.14709512748263,2.19008889864906,"Pc Vg Aa"
416,"70","b","s","pva",3,26666.66667,2666666.667,313333333.333333,164666666.666667,9.3716085194473,4.12309397538309,2.27295535231563,"Pc Vg Aa"
417,"70","c","s","pva",3,26666.66667,2666666.667,308666666.666667,123333333.333333,9.35660287882943,3.83406146383343,2.44038938005818,"Pc Vg Aa"
418,"70","d","s","pva",3,26666.66667,2666666.667,2.26e+08,163333333.333333,9.04487593212365,4.11496384929984,2.1980450529748,"Pc Vg Aa"
419,"70","e","s","pva",3,26666.66667,2666666.667,361333333.333333,7.4e+07,9.51414182618285,3.32323584006744,2.8629150274179,"Pc Vg Aa"
420,"70","f","s","pva",3,26666.66667,2666666.667,249333333.333333,89333333.3333333,9.14313162215773,3.51154543870602,2.6037343903848,"Pc Vg Aa"
421,"t1","a","p","savo",4,26666.66667,2666666.667,13333333.3333333,3.08e+08,6.21460809829719,4.74927052983685,1.30853950290987,"Sr Aa Vg Od"
422,"t1","b","p","savo",4,26666.66667,2666666.667,45333333.3333333,322666666.666667,7.43838352991931,4.79579054547174,1.55102343594691,"Sr Aa Vg Od"
423,"t1","c","p","savo",4,26666.66667,2666666.667,70666666.6666667,277333333.333333,7.88231491885527,4.64439089901637,1.69716871173024,"Sr Aa Vg Od"
424,"t1","d","p","savo",4,26666.66667,2666666.667,1.6e+07,389333333.333333,6.39692965509115,4.98360662158334,1.28359442083308,"Sr Aa Vg Od"
425,"t1","e","p","savo",4,26666.66667,2666666.667,2.4e+07,394666666.666667,6.80239476319931,4.99721227363912,1.36123790439777,"Sr Aa Vg Od"
426,"t1","f","p","savo",4,26666.66667,2666666.667,18666666.6666667,239333333.333333,6.5510803349184,4.49702802724339,1.45675772871136,"Sr Aa Vg Od"
427,"t2","a","s","pavo",4,26666.66667,2666666.667,13333333.3333333,174666666.666667,6.21460809829719,4.18205014251621,1.48601950873742,"Pc Aa Vg Od"
428,"t2","b","s","pavo",4,26666.66667,2666666.667,8e+06,325333333.333333,5.7037824745312,4.80402104460826,1.18729339891897,"Pc Aa Vg Od"
429,"t2","c","s","pavo",4,26666.66667,2666666.667,18666666.6666667,269333333.333333,6.5510803349184,4.61512051671626,1.41948196394655,"Pc Aa Vg Od"
430,"t2","d","s","pavo",4,26666.66667,2666666.667,186666666.666667,194666666.666667,8.85366542791245,4.29045944102339,2.06357047528705,"Pc Aa Vg Od"
431,"t2","e","s","pavo",4,26666.66667,2666666.667,1.6e+07,325333333.333333,6.39692965509115,4.80402104460826,1.33157819162151,"Pc Aa Vg Od"
432,"t2","f","s","pavo",4,26666.66667,2666666.667,6e+06,2.96e+08,5.41610040207942,4.70953020118733,1.15002986937295,"Pc Aa Vg Od"
433,"t3","a","a","psvo",4,26666.66667,2666666.667,1.6e+07,163333333.333333,6.39692965509115,4.11496384929984,1.55455306276374,"Pc Sr Vg Od"
434,"t3","b","a","psvo",4,26666.66667,2666666.667,4e+06,3.72e+08,5.01063529397126,4.93806460113642,1.01469618133755,"Pc Sr Vg Od"
435,"t3","c","a","psvo",4,26666.66667,2666666.667,1333333.33333333,309333333.333333,3.91202300530315,4.75359019098136,0.822961771657376,"Pc Sr Vg Od"
436,"t3","d","a","psvo",4,26666.66667,2666666.667,25333333.3333333,2.12e+08,6.85646198446959,4.37575702153529,1.5669201810625,"Pc Sr Vg Od"
437,"t3","e","a","psvo",4,26666.66667,2666666.667,10666666.6666667,374666666.666667,5.99146454698298,4.9452074886488,1.21156990090623,"Pc Sr Vg Od"
438,"t3","f","a","psvo",4,26666.66667,2666666.667,4e+06,3.04e+08,5.01063529397126,4.7361984482695,1.0579445411123,"Pc Sr Vg Od"
439,"t4","a","v","psao",4,26666.66667,2666666.667,54666666.6666667,194666666.666667,7.62559507200745,4.29045944102339,1.77733764339899,"Pc Sr Aa Od"
440,"t4","b","v","psao",4,26666.66667,2666666.667,74666666.6666667,301333333.333333,7.9373746960383,4.72738781858734,1.67901915405159,"Pc Sr Aa Od"
441,"t4","c","v","psao",4,26666.66667,2666666.667,4e+06,170666666.666667,5.01063529397126,4.15888308323467,1.2048031150888,"Pc Sr Aa Od"
442,"t4","d","v","psao",4,26666.66667,2666666.667,33333333.3333333,1.12e+08,7.13089883017135,3.73766961815837,1.90784621399601,"Pc Sr Aa Od"
443,"t4","e","v","psao",4,26666.66667,2666666.667,33333333.3333333,234666666.666667,7.13089883017135,4.47733681435321,1.59266526639486,"Pc Sr Aa Od"
444,"t4","f","v","psao",4,26666.66667,2666666.667,1333333.33333333,2.52e+08,3.91202300530315,4.5485998343747,0.860049937947759,"Pc Sr Aa Od"
445,"t5","a","o","psav",4,26666.66667,2666666.667,97333333.3333333,269333333.333333,8.20248244645154,4.61512051671626,1.77730622997636,"Pc Sr Aa Vg"
446,"t5","b","o","psav",4,26666.66667,2666666.667,6.4e+07,253333333.333333,7.78322401621104,4.55387689147554,1.70914238607999,"Pc Sr Aa Vg"
447,"t5","c","o","psav",4,26666.66667,2666666.667,54666666.6666667,302666666.666667,7.62559507200745,4.73180283679646,1.61156230194286,"Pc Sr Aa Vg"
448,"t5","d","o","psav",4,26666.66667,2666666.667,9.2e+07,235333333.333333,8.1461295099004,4.48017369568841,1.81826198340033,"Pc Sr Aa Vg"
449,"t5","e","o","psav",4,26666.66667,2666666.667,1.36e+08,2.38e+08,8.53699581858742,4.49144142053475,1.9007251835806,"Pc Sr Aa Vg"
450,"t5","f","o","psav",4,26666.66667,2666666.667,6.4e+07,2.92e+08,7.78322401621104,4.69592454913156,1.6574423065742,"Pc Sr Aa Vg"
